68120,SHAW RED BLEND ORG GROWN,$3.99
97152,GREEN FIN RED BLEND ORGANICALLY GROWN,$5.99
54813,MOON X DARK RED BLEND,$7.99
65959,PHIGMENT RED BLEND,$6.99
72658,RATIFIED AND REPEALED RED BLEND,$10.99
56200,TERRAIN RED BLEND CALIFORNIA,$5.49
76035,BADET CLEMET NDP RED BLEND,$6.99
64012,OXTE SILENCE RED BLEND,$5.99
96660,APOTHIC RED BLEND,$13.99
57713,JOSH CELLARS RED BLEND LEGACY,$16.99
78760,THE CONVERT RED BLEND,$4.99
57975,THE PESSIMIST PASO RED BLEND,$24.99
58437,TROUBLEMAKER RED BLEND,$15.99
79270,WENTE RED BLEND MT DIABLO,$12.99
77844,TECHNI ALAPIAS RED BLEND,$24.99
77789,TECHNI ALAPIAS WHITE BLEND,$18.99
52,2,0